Workbook

Sheet Sheet1
A1: Stage | B1: eve1A | C1: eve2A | D1: eve3A | E1: eve4A | F1: eve5A | G1: eve1B | H1: eve2B | I1: eve3B | J1: eve4B | K1: eve5B | L1: mrna1A | M1: mrna2A | N1: mrna3A | O1: mrna4A | P1: mrna5A | Q1: mrna1B | R1: mrna2B | S1: mrna3B | T1: mrna4B | U1: mrna5B
A2: 1.1 | B2: 620 | C2: 624 | D2: 618 | E2: 646 | F2: 656 | G2: 209 | H2: 211 | I2: 243 | J2: 244 | K2: 208 | L2: 362 | M2: 297 | N2: 358 | O2: 299 | P2: 254 | Q2: 231 | R2: 249 | S2: 271 | T2: 224 | U2: 187
A3: 1.2 | B3: 765 | C3: 616 | D3: 665 | E3: 671 | F3: 651 | G3: 259 | H3: 298 | I3: 233 | J3: 201 | K3: 278 | L3: 509 | M3: 488 | N3: 636 | O3: 695 | P3: 707 | Q3: 155 | R3: 159 | S3: 345 | T3: 357 | U3: 472
A4: 1.3 | B4: 446 | C4: 458 | D4: 350 | E4: 479 | F4: 548 | G4: 331 | H4: 431 | I4: 297 | J4: 379 | K4: 505 | L4: 426 | M4: 267 | N4: 462 | O4: 452 | P4: 421 | Q4: 144 | R4: 91 | S4: 187 | T4: 192 | U4: 154
A5: 2.1 | B5: 892 | C5: 759 | D5: 774 | E5: 795 | G5: 277 | H5: 213 | I5: 280 | J5: 281 | L5: 289 | M5: 390 | N5: 407 | O5: 485 | Q5: 196 | R5: 188 | S5: 169 | T5: 329
A6: 2.2 | B6: 753 | C6: 897 | D6: 825 | E6: 743 | F6: 780 | G6: 263 | H6: 352 | I6: 306 | J6: 232 | K6: 286 | L6: 566 | M6: 602 | N6: 545 | O6: 672 | P6: 652 | Q6: 164 | R6: 189 | S6: 152 | T6: 261 | U6: 255
A7: 2.3 | B7: 435 | C7: 503 | D7: 525 | E7: 455 | G7: 283 | H7: 431 | I7: 508 | J7: 291 | L7: 429 | M7: 463 | N7: 549 | O7: 484 | Q7: 174 | R7: 179 | S7: 198 | T7: 186
A8: 3.1 | B8: 788 | C8: 928 | D8: 876 | E8: 760 | F8: 727 | G8: 202 | H8: 354 | I8: 376 | J8: 204 | K8: 221 | L8: 356 | M8: 454 | N8: 479 | O8: 414 | P8: 481 | Q8: 276 | R8: 289 | S8: 239 | T8: 296 | U8: 229
A9: 3.2 | B9: 1095 | C9: 966 | D9: 951 | E9: 981 | G9: 431 | H9: 366 | I9: 301 | J9: 345 | L9: 771 | M9: 711 | N9: 875 | O9: 823 | Q9: 255 | R9: 228 | S9: 314 | T9: 298
A10: 3.3 | B10: 485 | C10: 557 | D10: 570 | E10: 515 | G10: 298 | H10: 374 | I10: 388 | J10: 393 | L10: 719 | M10: 844 | N10: 795 | O10: 828 | Q10: 305 | R10: 373 | S10: 352 | T10: 341
A11: 4.1 | B11: 1060 | C11: 816 | D11: 1398 | E11: 1002 | F11: 698 | G11: 348 | H11: 386 | I11: 405 | J11: 345 | K11: 312 | L11: 581 | M11: 667 | N11: 531 | O11: 522 | P11: 396 | Q11: 226 | R11: 276 | S11: 313 | T11: 276 | U11: 217
A12: 4.2 | B12: 973 | C12: 739 | D12: 1112 | E12: 948 | F12: 912 | G12: 349 | H12: 374 | I12: 378 | J12: 334 | K12: 378 | L12: 641 | M12: 697 | N12: 614 | O12: 738 | P12: 486 | Q12: 128 | R12: 139 | S12: 190 | T12: 203 | U12: 155
A13: 4.3 | B13: 405 | C13: 548 | D13: 550 | E13: 562 | G13: 324 | H13: 445 | I13: 401 | J13: 433 | L13: 591 | M13: 958 | N13: 826 | O13: 603 | Q13: 241 | R13: 537 | S13: 328 | T13: 206
A14: 5.1 | B14: 940 | C14: 1023 | D14: 862 | E14: 938 | G14: 430 | H14: 364 | I14: 394 | J14: 335 | L14: 542 | M14: 462 | N14: 394 | O14: 426 | Q14: 287 | R14: 257 | S14: 230 | T14: 220
A15: 5.2 | B15: 1151 | C15: 1034 | D15: 1121 | E15: 1059 | G15: 366 | H15: 353 | I15: 351 | J15: 363 | L15: 649 | M15: 675 | N15: 749 | O15: 667 | Q15: 252 | R15: 235 | S15: 250 | T15: 228
A16: 5.3 | B16: 534 | C16: 578 | D16: 639 | E16: 513 | G16: 435 | H16: 429 | I16: 563 | J16: 402 | L16: 689 | M16: 631 | N16: 593 | O16: 497 | Q16: 275 | R16: 255 | S16: 298 | T16: 262
A17: 6.1 | B17: 1257 | C17: 809 | D17: 840 | E17: 1085 | G17: 571 | H17: 329 | I17: 375 | J17: 436 | L17: 496 | M17: 480 | N17: 462 | O17: 669 | Q17: 289 | R17: 246 | S17: 265 | T17: 287
A18: 6.2 | B18: 1126 | C18: 1281 | D18: 1293 | E18: 1001 | F18: 1059 | G18: 322 | H18: 451 | I18: 439 | J18: 410 | K18: 265 | L18: 502 | M18: 869 | N18: 892 | O18: 605 | P18: 674 | Q18: 211 | R18: 299 | S18: 309 | T18: 277 | U18: 205
A19: 6.3 | B19: 549 | C19: 537 | D19: 610 | E19: 644 | F19: 593 | G19: 387 | H19: 393 | I19: 477 | J19: 493 | K19: 459 | L19: 705 | M19: 892 | N19: 823 | O19: 725 | P19: 770 | Q19: 348 | R19: 462 | S19: 397 | T19: 357 | U19: 366
A20: 7.1 | B20: 961 | C20: 931 | D20: 897 | E20: 1255 | F20: 1310 | G20: 341 | H20: 363 | I20: 376 | J20: 375 | K20: 458 | L20: 399 | M20: 480 | N20: 442 | O20: 471 | P20: 540 | Q20: 244 | R20: 249 | S20: 254 | T20: 245 | U20: 277
A21: 7.2 | B21: 1251 | C21: 1269 | D21: 1301 | E21: 1164 | G21: 529 | H21: 533 | I21: 600 | J21: 457 | L21: 687 | M21: 790 | N21: 877 | O21: 787 | Q21: 342 | R21: 336 | S21: 340 | T21: 306
A22: 7.3 | B22: 589 | C22: 538 | D22: 698 | E22: 508 | G22: 351 | H22: 406 | I22: 457 | J22: 406 | L22: 596 | M22: 658 | N22: 728 | O22: 593 | Q22: 233 | R22: 293 | S22: 321 | T22: 243
A23: 8.1 | B23: 1027 | C23: 963 | D23: 1260 | E23: 1155 | G23: 313 | H23: 294 | I23: 395 | J23: 359 | L23: 536 | M23: 688 | N23: 437 | O23: 579 | Q23: 351 | R23: 487 | S23: 225 | T23: 305
A24: 8.2 | B24: 1358 | C24: 1345 | D24: 1259 | E24: 1267 | G24: 492 | H24: 508 | I24: 456 | J24: 415 | L24: 775 | M24: 762 | N24: 717 | O24: 731 | Q24: 294 | R24: 287 | S24: 250 | T24: 229
A25: 8.3 | B25: 457 | C25: 396 | D25: 672 | E25: 601 | G25: 298 | H25: 233 | I25: 336 | J25: 427 | L25: 581 | M25: 605 | N25: 558 | O25: 576 | Q25: 232 | R25: 210 | S25: 222 | T25: 252

Sheet BASE
A1: Stage | B1: eve1 | C1: eve2 | D1: eve3 | E1: eve4 | F1: eve5 | H1: mrna1 | I1: mrna2 | J1: mrna3 | K1: mrna4 | L1: mrna5
A2: 1.1 | B2: =Sheet1!B2-Sheet1!G2 -> 411 | C2: =Sheet1!C2-Sheet1!H2 -> 413 | D2: =Sheet1!D2-Sheet1!I2 -> 375 | E2: =Sheet1!E2-Sheet1!J2 -> 402 | F2: =Sheet1!F2-Sheet1!K2 -> 448 | H2: =Sheet1!L2-Sheet1!Q2 -> 131 | I2: =Sheet1!M2-Sheet1!R2 -> 48 | J2: =Sheet1!N2-Sheet1!S2 -> 87 | K2: =Sheet1!O2-Sheet1!T2 -> 75 | L2: =Sheet1!P2-Sheet1!U2 -> 67
A3: 1.2 | B3: =Sheet1!B3-Sheet1!G3 -> 506 | C3: =Sheet1!C3-Sheet1!H3 -> 318 | D3: =Sheet1!D3-Sheet1!I3 -> 432 | E3: =Sheet1!E3-Sheet1!J3 -> 470 | F3: =Sheet1!F3-Sheet1!K3 -> 373 | H3: =Sheet1!L3-Sheet1!Q3 -> 354 | I3: =Sheet1!M3-Sheet1!R3 -> 329 | J3: =Sheet1!N3-Sheet1!S3 -> 291 | K3: =Sheet1!O3-Sheet1!T3 -> 338 | L3: =Sheet1!P3-Sheet1!U3 -> 235
A4: 1.3 | B4: =Sheet1!B4-Sheet1!G4 -> 115 | C4: =Sheet1!C4-Sheet1!H4 -> 27 | D4: =Sheet1!D4-Sheet1!I4 -> 53 | E4: =Sheet1!E4-Sheet1!J4 -> 100 | F4: =Sheet1!F4-Sheet1!K4 -> 43 | H4: =Sheet1!L4-Sheet1!Q4 -> 282 | I4: =Sheet1!M4-Sheet1!R4 -> 176 | J4: =Sheet1!N4-Sheet1!S4 -> 275 | K4: =Sheet1!O4-Sheet1!T4 -> 260 | L4: =Sheet1!P4-Sheet1!U4 -> 267
A5: 2.1 | B5: =Sheet1!B5-Sheet1!G5 -> 615 | C5: =Sheet1!C5-Sheet1!H5 -> 546 | D5: =Sheet1!D5-Sheet1!I5 -> 494 | E5: =Sheet1!E5-Sheet1!J5 -> 514 | F5: =Sheet1!F5-Sheet1!K5 -> 0 | H5: =Sheet1!L5-Sheet1!Q5 -> 93 | I5: =Sheet1!M5-Sheet1!R5 -> 202 | J5: =Sheet1!N5-Sheet1!S5 -> 238 | K5: =Sheet1!O5-Sheet1!T5 -> 156 | L5: =Sheet1!P5-Sheet1!U5 -> 0
A6: 2.2 | B6: =Sheet1!B6-Sheet1!G6 -> 490 | C6: =Sheet1!C6-Sheet1!H6 -> 545 | D6: =Sheet1!D6-Sheet1!I6 -> 519 | E6: =Sheet1!E6-Sheet1!J6 -> 511 | F6: =Sheet1!F6-Sheet1!K6 -> 494 | H6: =Sheet1!L6-Sheet1!Q6 -> 402 | I6: =Sheet1!M6-Sheet1!R6 -> 413 | J6: =Sheet1!N6-Sheet1!S6 -> 393 | K6: =Sheet1!O6-Sheet1!T6 -> 411 | L6: =Sheet1!P6-Sheet1!U6 -> 397
A7: 2.3 | B7: =Sheet1!B7-Sheet1!G7 -> 152 | C7: =Sheet1!C7-Sheet1!H7 -> 72 | D7: =Sheet1!D7-Sheet1!I7 -> 17 | E7: =Sheet1!E7-Sheet1!J7 -> 164 | F7: =Sheet1!F7-Sheet1!K7 -> 0 | H7: =Sheet1!L7-Sheet1!Q7 -> 255 | I7: =Sheet1!M7-Sheet1!R7 -> 284 | J7: =Sheet1!N7-Sheet1!S7 -> 351 | K7: =Sheet1!O7-Sheet1!T7 -> 298 | L7: =Sheet1!P7-Sheet1!U7 -> 0
A8: 3.1 | B8: =Sheet1!B8-Sheet1!G8 -> 586 | C8: =Sheet1!C8-Sheet1!H8 -> 574 | D8: =Sheet1!D8-Sheet1!I8 -> 500 | E8: =Sheet1!E8-Sheet1!J8 -> 556 | F8: =Sheet1!F8-Sheet1!K8 -> 506 | H8: =Sheet1!L8-Sheet1!Q8 -> 80 | I8: =Sheet1!M8-Sheet1!R8 -> 165 | J8: =Sheet1!N8-Sheet1!S8 -> 240 | K8: =Sheet1!O8-Sheet1!T8 -> 118 | L8: =Sheet1!P8-Sheet1!U8 -> 252
A9: 3.2 | B9: =Sheet1!B9-Sheet1!G9 -> 664 | C9: =Sheet1!C9-Sheet1!H9 -> 600 | D9: =Sheet1!D9-Sheet1!I9 -> 650 | E9: =Sheet1!E9-Sheet1!J9 -> 636 | F9: =Sheet1!F9-Sheet1!K9 -> 0 | H9: =Sheet1!L9-Sheet1!Q9 -> 516 | I9: =Sheet1!M9-Sheet1!R9 -> 483 | J9: =Sheet1!N9-Sheet1!S9 -> 561 | K9: =Sheet1!O9-Sheet1!T9 -> 525 | L9: =Sheet1!P9-Sheet1!U9 -> 0
A10: 3.3 | B10: =Sheet1!B10-Sheet1!G10 -> 187 | C10: =Sheet1!C10-Sheet1!H10 -> 183 | D10: =Sheet1!D10-Sheet1!I10 -> 182 | E10: =Sheet1!E10-Sheet1!J10 -> 122 | F10: =Sheet1!F10-Sheet1!K10 -> 0 | H10: =Sheet1!L10-Sheet1!Q10 -> 414 | I10: =Sheet1!M10-Sheet1!R10 -> 471 | J10: =Sheet1!N10-Sheet1!S10 -> 443 | K10: =Sheet1!O10-Sheet1!T10 -> 487 | L10: =Sheet1!P10-Sheet1!U10 -> 0
A11: 4.1 | B11: =Sheet1!B11-Sheet1!G11 -> 712 | C11: =Sheet1!C11-Sheet1!H11 -> 430 | D11: =Sheet1!D11-Sheet1!I11 -> 993 | E11: =Sheet1!E11-Sheet1!J11 -> 657 | F11: =Sheet1!F11-Sheet1!K11 -> 386 | H11: =Sheet1!L11-Sheet1!Q11 -> 355 | I11: =Sheet1!M11-Sheet1!R11 -> 391 | J11: =Sheet1!N11-Sheet1!S11 -> 218 | K11: =Sheet1!O11-Sheet1!T11 -> 246 | L11: =Sheet1!P11-Sheet1!U11 -> 179
A12: 4.2 | B12: =Sheet1!B12-Sheet1!G12 -> 624 | C12: =Sheet1!C12-Sheet1!H12 -> 365 | D12: =Sheet1!D12-Sheet1!I12 -> 734 | E12: =Sheet1!E12-Sheet1!J12 -> 614 | F12: =Sheet1!F12-Sheet1!K12 -> 534 | H12: =Sheet1!L12-Sheet1!Q12 -> 513 | I12: =Sheet1!M12-Sheet1!R12 -> 558 | J12: =Sheet1!N12-Sheet1!S12 -> 424 | K12: =Sheet1!O12-Sheet1!T12 -> 535 | L12: =Sheet1!P12-Sheet1!U12 -> 331
A13: 4.3 | B13: =Sheet1!B13-Sheet1!G13 -> 81 | C13: =Sheet1!C13-Sheet1!H13 -> 103 | D13: =Sheet1!D13-Sheet1!I13 -> 149 | E13: =Sheet1!E13-Sheet1!J13 -> 129 | F13: =Sheet1!F13-Sheet1!K13 -> 0 | H13: =Sheet1!L13-Sheet1!Q13 -> 350 | I13: =Sheet1!M13-Sheet1!R13 -> 421 | J13: =Sheet1!N13-Sheet1!S13 -> 498 | K13: =Sheet1!O13-Sheet1!T13 -> 397 | L13: =Sheet1!P13-Sheet1!U13 -> 0
... A25: 8.3 | B25: =Sheet1!B25-Sheet1!G25 -> 159 | C25: =Sheet1!C25-Sheet1!H25 -> 163 | D25: =Sheet1!D25-Sheet1!I25 -> 336 | E25: =Sheet1!E25-Sheet1!J25 -> 174 | F25: =Sheet1!F25-Sheet1!K25 -> 0 | H25: =Sheet1!L25-Sheet1!Q25 -> 349 | I25: =Sheet1!M25-Sheet1!R25 -> 395 | J25: =Sheet1!N25-Sheet1!S25 -> 336 | K25: =Sheet1!O25-Sheet1!T25 -> 324 | L25: =Sheet1!P25-Sheet1!U25 -> 0
